Workbook

Sheet HƯỚNG DẪN
A1: MEDMATE — XẾP LỊCH PHẪU THUẬT TỰ ĐỘNG
A2: Hướng dẫn sử dụng template xếp lịch phẫu thuật (4 sheet)
B4: Bước 1: Điền lịch & danh sách bác sĩ
B5: Mở sheet `INPUT`. Các mục 1–5 nằm cạnh nhau theo hàng ngang: 1=Lịch phòng khám, 2=Lịch họp, 3=Lịch trực cấp cứu, 4=Danh sách bác sĩ, 5=Danh sách bệnh nhân.
B7: Bước 2: Kiểm tra sheet TÍNH TOÁN
B8: Các công thức tự động kiểm tra xung đột lịch, đề xuất bác sĩ + ngày mổ. Không sửa tay trong sheet này.
B10: Bước 3: Yêu cầu Codex chạy xếp lịch
B11: Trong Codex Desktop, gõ: "Chạy xếp lịch tuần này". Codex sẽ mở workbook, đọc lại OUTPUT và báo cáo kết quả.
B13: Bước 4: Xem sheet OUTPUT
B14: Sheet `OUTPUT` liệt kê các ca "Đủ điều kiện" đã được xếp; các ca "Loại" cần điều chỉnh INPUT.
B19: Chú thích trạng thái
B20: Đủ điều kiện | C20: Ca mổ đã được xếp đủ điều kiện và sẽ xuất sang OUTPUT.
B21: Loại | C21: Ca mổ bị loại do trùng phòng khám, họp, trực hoặc sai loại PT.
B22: Ca/ngày tối đa | C22: Mức trần 11 ca mỗi ngày, áp dụng tự động trong công thức.
A25: Phiên bản template: 2026.05.16 — Chỉ dùng cho mục đích xếp lịch phẫu thuật trong nội bộ.

Sheet INPUT
A1: MEDMATE — DỮ LIỆU ĐẦU VÀO
A2: Nhập dữ liệu lịch phòng khám, họp, trực, bác sĩ và bệnh nhân
A3: 1 — Lịch phòng khám | E3: 2 — Lịch họp | I3: 3 — Lịch trực cấp cứu | M3: 4 — Danh sách bác sĩ | Q3: 5 — Danh sách bệnh nhân / ca cần xếp
A4: Ngày | B4: Thứ | C4: Mã BS | E4: Ngày | F4: Thứ | G4: Nội dung | I4: Ngày | J4: Thứ | K4: Mã BS | M4: Mã BS | N4: Tên bác sĩ | O4: Loại PT phụ trách | Q4: Mã BN | R4: Tên bệnh nhân | S4: Loại PT
A5: 46157 | B5: =TEXT(A5,"[$-vi-VN]ddd") | C5: BS04 | E5: 46157 | F5: =TEXT(E5,"[$-vi-VN]ddd") | G5: Đào tạo nội bộ | I5: 46157 | J5: =TEXT(I5,"[$-vi-VN]ddd") | K5: BS06 | M5: BS04 | N5: BS Nguyễn Minh An | O5: Ghép gan | Q5: BN001 | R5: Nguyễn Văn A | S5: Ghép gan
A6: 46157 | B6: =TEXT(A6,"[$-vi-VN]ddd") | C6: BS05 | E6: 46158 | F6: =TEXT(E6,"[$-vi-VN]ddd") | G6: Hội thảo chuyên môn | I6: 46157 | J6: =TEXT(I6,"[$-vi-VN]ddd") | K6: BS02 | M6: BS02 | N6: BS Hoàng Hải Nam | O6: Ghép gan | Q6: BN002 | R6: Trần Thị B | S6: Ghép gan
A7: 46158 | B7: =TEXT(A7,"[$-vi-VN]ddd") | C7: BS08 | E7: 46159 | F7: =TEXT(E7,"[$-vi-VN]ddd") | G7: Tổng kết tuần | I7: 46158 | J7: =TEXT(I7,"[$-vi-VN]ddd") | K7: BS04 | M7: BS05 | N7: BS Trần Quốc Bình | O7: Cắt gan | Q7: BN003 | R7: Lê Văn C | S7: Cắt gan
A8: 46158 | B8: =TEXT(A8,"[$-vi-VN]ddd") | C8: BS06 | E8: 46157 | F8: =TEXT(E8,"[$-vi-VN]ddd") | G8: Họp hội đồng ghép gan | I8: 46158 | J8: =TEXT(I8,"[$-vi-VN]ddd") | K8: BS05 | M8: BS09 | N8: BS Đỗ Thanh Sơn | O8: Cắt gan | Q8: BN004 | R8: Phạm Thị D | S8: Tái thùy
A9: 46158 | B9: =TEXT(A9,"[$-vi-VN]ddd") | C9: BS02 | E9: 46158 | F9: =TEXT(E9,"[$-vi-VN]ddd") | G9: Rà soát lịch tuần sau | I9: 46158 | J9: =TEXT(I9,"[$-vi-VN]ddd") | K9: BS08 | M9: BS08 | N9: BS Lê Thu Cúc | O9: Tái thùy | Q9: BN005 | R9: Hoàng Văn E | S9: Ghép gan
A10: 46159 | B10: =TEXT(A10,"[$-vi-VN]ddd") | C10: BS09 | E10: 46159 | F10: =TEXT(E10,"[$-vi-VN]ddd") | G10: Họp giao ban trực | I10: 46159 | J10: =TEXT(I10,"[$-vi-VN]ddd") | K10: BS09 | M10: BS06 | N10: BS Phạm Đức Dũng | O10: Cắt gan S | Q10: BN006 | R10: Đỗ Thị F | S10: Cắt gan S
E11: 46162 | F11: =TEXT(E11,"[$-vi-VN]ddd") | G11: Giao ban tối | Q11: BN007 | R11: Bùi Văn G | S11: Ghép gan
Q12: BN008 | R12: Vũ Thị H | S12: Cắt gan
Q13: BN009 | R13: Đặng Văn I | S13: Tái thùy
Q14: BN010 | R14: Ngô Thị K | S14: Ghép gan
Q15: BN011 | R15: Mai Văn L | S15: Ghép gan
Q16: BN012 | R16: Phan Thị M | S16: Cắt gan
Q17: BN013 | R17: Nguyễn Minh N | S17: Tái thùy
Q18: BN014 | R18: Trần Hải O | S18: Ghép gan
Q19: BN015 | R19: Lê Thanh P | S19: Cắt gan
Q20: BN016 | R20: Phạm Quốc Q | S20: Ghép gan
Q21: BN017 | R21: Hoàng Lan R | S21: Tái thùy
Q22: BN018 | R22: Đỗ Đức S | S22: Cắt gan S
Q23: BN019 | R23: Bùi Mai T | S23: Ghép gan
... Q40: BN036 | R40: Phan Ngân AK | S40: Ghép gan

Sheet TÍNH TOÁN
A1: KHU VỰC TÍNH TOÁN (KHÔNG SỬA TAY)
A2: Các công thức tự động tính toán dựa trên dữ liệu INPUT. Không sửa tay.
A64: Mã BN | B64: Tên BN | C64: Loại PT | D64: Mã BS dự kiến | E64: Tên BS | F64: Ngày dự kiến | G64: Thứ | H64: Check phòng khám | I64: Check họp | J64: Check trực | K64: Check loại PT | L64: Tổng OK | M64: Số ca trong ngày | N64: Kết luận
A65: =INPUT!Q5 | B65: =INPUT!R5 | C65: =INPUT!S5 | D65: =IF(C65="Ghép gan",IF(MOD(COUNTIF($C$65:C65,"Ghép gan"),2)=1,"BS04","BS02"),IF(C65="Cắt gan",IF(MOD(COUNTIF($C$65:C65,"Cắt gan"),2)=1,"BS05","BS09"),IF(C65="Tái thùy","BS08",IF(C65="Cắt gan S","BS06","")))) | E65: =XLOOKUP(D65,INPUT!$M$5:$M$10,INPUT!$N$5:$N$10,"") | F65: 46153 | G65: =TEXT(F65,"[$-vi-VN]dddd") | H65: =IF(COUNTIFS(INPUT!$A$5:$A$11,F65,INPUT!$C$5:$C$11,D65)>0,"Bận phòng khám","OK") | I65: =IF(COUNTIF(INPUT!$E$5:$E$11,F65)>0,"Bận họp","OK") | J65: =IF(COUNTIFS(INPUT!$I$5:$I$10,F65,INPUT!$K$5:$K$10,D65)>0,"Bận trực","OK") | K65: =IF(XLOOKUP(D65,INPUT!$M$5:$M$10,INPUT!$O$5:$O$10,"")=C65,"OK","Sai loại PT") | L65: =IF(AND(H65="OK",I65="OK",J65="OK",K65="OK"),"OK","Bận lịch") | M65: =COUNTIF($F$65:$F$100,F65) | N65: =IF(AND(L65="OK",M65<=11),"Đủ điều kiện","Loại")
A66: =INPUT!Q6 | B66: =INPUT!R6 | C66: =INPUT!S6 | D66: =IF(C66="Ghép gan",IF(MOD(COUNTIF($C$65:C66,"Ghép gan"),2)=1,"BS04","BS02"),IF(C66="Cắt gan",IF(MOD(COUNTIF($C$65:C66,"Cắt gan"),2)=1,"BS05","BS09"),IF(C66="Tái thùy","BS08",IF(C66="Cắt gan S","BS06","")))) | E66: =XLOOKUP(D66,INPUT!$M$5:$M$10,INPUT!$N$5:$N$10,"") | F66: 46154 | G66: =TEXT(F66,"[$-vi-VN]dddd") | H66: =IF(COUNTIFS(INPUT!$A$5:$A$11,F66,INPUT!$C$5:$C$11,D66)>0,"Bận phòng khám","OK") | I66: =IF(COUNTIF(INPUT!$E$5:$E$11,F66)>0,"Bận họp","OK") | J66: =IF(COUNTIFS(INPUT!$I$5:$I$10,F66,INPUT!$K$5:$K$10,D66)>0,"Bận trực","OK") | K66: =IF(XLOOKUP(D66,INPUT!$M$5:$M$10,INPUT!$O$5:$O$10,"")=C66,"OK","Sai loại PT") | L66: =IF(AND(H66="OK",I66="OK",J66="OK",K66="OK"),"OK","Bận lịch") | M66: =COUNTIF($F$65:$F$100,F66) | N66: =IF(AND(L66="OK",M66<=11),"Đủ điều kiện","Loại")
A67: =INPUT!Q7 | B67: =INPUT!R7 | C67: =INPUT!S7 | D67: =IF(C67="Ghép gan",IF(MOD(COUNTIF($C$65:C67,"Ghép gan"),2)=1,"BS04","BS02"),IF(C67="Cắt gan",IF(MOD(COUNTIF($C$65:C67,"Cắt gan"),2)=1,"BS05","BS09"),IF(C67="Tái thùy","BS08",IF(C67="Cắt gan S","BS06","")))) | E67: =XLOOKUP(D67,INPUT!$M$5:$M$10,INPUT!$N$5:$N$10,"") | F67: 46155 | G67: =TEXT(F67,"[$-vi-VN]dddd") | H67: =IF(COUNTIFS(INPUT!$A$5:$A$11,F67,INPUT!$C$5:$C$11,D67)>0,"Bận phòng khám","OK") | I67: =IF(COUNTIF(INPUT!$E$5:$E$11,F67)>0,"Bận họp","OK") | J67: =IF(COUNTIFS(INPUT!$I$5:$I$10,F67,INPUT!$K$5:$K$10,D67)>0,"Bận trực","OK") | K67: =IF(XLOOKUP(D67,INPUT!$M$5:$M$10,INPUT!$O$5:$O$10,"")=C67,"OK","Sai loại PT") | L67: =IF(AND(H67="OK",I67="OK",J67="OK",K67="OK"),"OK","Bận lịch") | M67: =COUNTIF($F$65:$F$100,F67) | N67: =IF(AND(L67="OK",M67<=11),"Đủ điều kiện","Loại")
A68: =INPUT!Q8 | B68: =INPUT!R8 | C68: =INPUT!S8 | D68: =IF(C68="Ghép gan",IF(MOD(COUNTIF($C$65:C68,"Ghép gan"),2)=1,"BS04","BS02"),IF(C68="Cắt gan",IF(MOD(COUNTIF($C$65:C68,"Cắt gan"),2)=1,"BS05","BS09"),IF(C68="Tái thùy","BS08",IF(C68="Cắt gan S","BS06","")))) | E68: =XLOOKUP(D68,INPUT!$M$5:$M$10,INPUT!$N$5:$N$10,"") | F68: 46156 | G68: =TEXT(F68,"[$-vi-VN]dddd") | H68: =IF(COUNTIFS(INPUT!$A$5:$A$11,F68,INPUT!$C$5:$C$11,D68)>0,"Bận phòng khám","OK") | I68: =IF(COUNTIF(INPUT!$E$5:$E$11,F68)>0,"Bận họp","OK") | J68: =IF(COUNTIFS(INPUT!$I$5:$I$10,F68,INPUT!$K$5:$K$10,D68)>0,"Bận trực","OK") | K68: =IF(XLOOKUP(D68,INPUT!$M$5:$M$10,INPUT!$O$5:$O$10,"")=C68,"OK","Sai loại PT") | L68: =IF(AND(H68="OK",I68="OK",J68="OK",K68="OK"),"OK","Bận lịch") | M68: =COUNTIF($F$65:$F$100,F68) | N68: =IF(AND(L68="OK",M68<=11),"Đủ điều kiện","Loại")
A69: =INPUT!Q9 | B69: =INPUT!R9 | C69: =INPUT!S9 | D69: =IF(C69="Ghép gan",IF(MOD(COUNTIF($C$65:C69,"Ghép gan"),2)=1,"BS04","BS02"),IF(C69="Cắt gan",IF(MOD(COUNTIF($C$65:C69,"Cắt gan"),2)=1,"BS05","BS09"),IF(C69="Tái thùy","BS08",IF(C69="Cắt gan S","BS06","")))) | E69: =XLOOKUP(D69,INPUT!$M$5:$M$10,INPUT!$N$5:$N$10,"") | F69: 46153 | G69: =TEXT(F69,"[$-vi-VN]dddd") | H69: =IF(COUNTIFS(INPUT!$A$5:$A$11,F69,INPUT!$C$5:$C$11,D69)>0,"Bận phòng khám","OK") | I69: =IF(COUNTIF(INPUT!$E$5:$E$11,F69)>0,"Bận họp","OK") | J69: =IF(COUNTIFS(INPUT!$I$5:$I$10,F69,INPUT!$K$5:$K$10,D69)>0,"Bận trực","OK") | K69: =IF(XLOOKUP(D69,INPUT!$M$5:$M$10,INPUT!$O$5:$O$10,"")=C69,"OK","Sai loại PT") | L69: =IF(AND(H69="OK",I69="OK",J69="OK",K69="OK"),"OK","Bận lịch") | M69: =COUNTIF($F$65:$F$100,F69) | N69: =IF(AND(L69="OK",M69<=11),"Đủ điều kiện","Loại")
A70: =INPUT!Q10 | B70: =INPUT!R10 | C70: =INPUT!S10 | D70: =IF(C70="Ghép gan",IF(MOD(COUNTIF($C$65:C70,"Ghép gan"),2)=1,"BS04","BS02"),IF(C70="Cắt gan",IF(MOD(COUNTIF($C$65:C70,"Cắt gan"),2)=1,"BS05","BS09"),IF(C70="Tái thùy","BS08",IF(C70="Cắt gan S","BS06","")))) | E70: =XLOOKUP(D70,INPUT!$M$5:$M$10,INPUT!$N$5:$N$10,"") | F70: 46154 | G70: =TEXT(F70,"[$-vi-VN]dddd") | H70: =IF(COUNTIFS(INPUT!$A$5:$A$11,F70,INPUT!$C$5:$C$11,D70)>0,"Bận phòng khám","OK") | I70: =IF(COUNTIF(INPUT!$E$5:$E$11,F70)>0,"Bận họp","OK") | J70: =IF(COUNTIFS(INPUT!$I$5:$I$10,F70,INPUT!$K$5:$K$10,D70)>0,"Bận trực","OK") | K70: =IF(XLOOKUP(D70,INPUT!$M$5:$M$10,INPUT!$O$5:$O$10,"")=C70,"OK","Sai loại PT") | L70: =IF(AND(H70="OK",I70="OK",J70="OK",K70="OK"),"OK","Bận lịch") | M70: =COUNTIF($F$65:$F$100,F70) | N70: =IF(AND(L70="OK",M70<=11),"Đủ điều kiện","Loại")
A71: =INPUT!Q11 | B71: =INPUT!R11 | C71: =INPUT!S11 | D71: =IF(C71="Ghép gan",IF(MOD(COUNTIF($C$65:C71,"Ghép gan"),2)=1,"BS04","BS02"),IF(C71="Cắt gan",IF(MOD(COUNTIF($C$65:C71,"Cắt gan"),2)=1,"BS05","BS09"),IF(C71="Tái thùy","BS08",IF(C71="Cắt gan S","BS06","")))) | E71: =XLOOKUP(D71,INPUT!$M$5:$M$10,INPUT!$N$5:$N$10,"") | F71: 46155 | G71: =TEXT(F71,"[$-vi-VN]dddd") | H71: =IF(COUNTIFS(INPUT!$A$5:$A$11,F71,INPUT!$C$5:$C$11,D71)>0,"Bận phòng khám","OK") | I71: =IF(COUNTIF(INPUT!$E$5:$E$11,F71)>0,"Bận họp","OK") | J71: =IF(COUNTIFS(INPUT!$I$5:$I$10,F71,INPUT!$K$5:$K$10,D71)>0,"Bận trực","OK") | K71: =IF(XLOOKUP(D71,INPUT!$M$5:$M$10,INPUT!$O$5:$O$10,"")=C71,"OK","Sai loại PT") | L71: =IF(AND(H71="OK",I71="OK",J71="OK",K71="OK"),"OK","Bận lịch") | M71: =COUNTIF($F$65:$F$100,F71) | N71: =IF(AND(L71="OK",M71<=11),"Đủ điều kiện","Loại")
A72: =INPUT!Q12 | B72: =INPUT!R12 | C72: =INPUT!S12 | D72: =IF(C72="Ghép gan",IF(MOD(COUNTIF($C$65:C72,"Ghép gan"),2)=1,"BS04","BS02"),IF(C72="Cắt gan",IF(MOD(COUNTIF($C$65:C72,"Cắt gan"),2)=1,"BS05","BS09"),IF(C72="Tái thùy","BS08",IF(C72="Cắt gan S","BS06","")))) | E72: =XLOOKUP(D72,INPUT!$M$5:$M$10,INPUT!$N$5:$N$10,"") | F72: 46156 | G72: =TEXT(F72,"[$-vi-VN]dddd") | H72: =IF(COUNTIFS(INPUT!$A$5:$A$11,F72,INPUT!$C$5:$C$11,D72)>0,"Bận phòng khám","OK") | I72: =IF(COUNTIF(INPUT!$E$5:$E$11,F72)>0,"Bận họp","OK") | J72: =IF(COUNTIFS(INPUT!$I$5:$I$10,F72,INPUT!$K$5:$K$10,D72)>0,"Bận trực","OK") | K72: =IF(XLOOKUP(D72,INPUT!$M$5:$M$10,INPUT!$O$5:$O$10,"")=C72,"OK","Sai loại PT") | L72: =IF(AND(H72="OK",I72="OK",J72="OK",K72="OK"),"OK","Bận lịch") | M72: =COUNTIF($F$65:$F$100,F72) | N72: =IF(AND(L72="OK",M72<=11),"Đủ điều kiện","Loại")
A73: =INPUT!Q13 | B73: =INPUT!R13 | C73: =INPUT!S13 | D73: =IF(C73="Ghép gan",IF(MOD(COUNTIF($C$65:C73,"Ghép gan"),2)=1,"BS04","BS02"),IF(C73="Cắt gan",IF(MOD(COUNTIF($C$65:C73,"Cắt gan"),2)=1,"BS05","BS09"),IF(C73="Tái thùy","BS08",IF(C73="Cắt gan S","BS06","")))) | E73: =XLOOKUP(D73,INPUT!$M$5:$M$10,INPUT!$N$5:$N$10,"") | F73: 46153 | G73: =TEXT(F73,"[$-vi-VN]dddd") | H73: =IF(COUNTIFS(INPUT!$A$5:$A$11,F73,INPUT!$C$5:$C$11,D73)>0,"Bận phòng khám","OK") | I73: =IF(COUNTIF(INPUT!$E$5:$E$11,F73)>0,"Bận họp","OK") | J73: =IF(COUNTIFS(INPUT!$I$5:$I$10,F73,INPUT!$K$5:$K$10,D73)>0,"Bận trực","OK") | K73: =IF(XLOOKUP(D73,INPUT!$M$5:$M$10,INPUT!$O$5:$O$10,"")=C73,"OK","Sai loại PT") | L73: =IF(AND(H73="OK",I73="OK",J73="OK",K73="OK"),"OK","Bận lịch") | M73: =COUNTIF($F$65:$F$100,F73) | N73: =IF(AND(L73="OK",M73<=11),"Đủ điều kiện","Loại")
A74: =INPUT!Q14 | B74: =INPUT!R14 | C74: =INPUT!S14 | D74: =IF(C74="Ghép gan",IF(MOD(COUNTIF($C$65:C74,"Ghép gan"),2)=1,"BS04","BS02"),IF(C74="Cắt gan",IF(MOD(COUNTIF($C$65:C74,"Cắt gan"),2)=1,"BS05","BS09"),IF(C74="Tái thùy","BS08",IF(C74="Cắt gan S","BS06","")))) | E74: =XLOOKUP(D74,INPUT!$M$5:$M$10,INPUT!$N$5:$N$10,"") | F74: 46154 | G74: =TEXT(F74,"[$-vi-VN]dddd") | H74: =IF(COUNTIFS(INPUT!$A$5:$A$11,F74,INPUT!$C$5:$C$11,D74)>0,"Bận phòng khám","OK") | I74: =IF(COUNTIF(INPUT!$E$5:$E$11,F74)>0,"Bận họp","OK") | J74: =IF(COUNTIFS(INPUT!$I$5:$I$10,F74,INPUT!$K$5:$K$10,D74)>0,"Bận trực","OK") | K74: =IF(XLOOKUP(D74,INPUT!$M$5:$M$10,INPUT!$O$5:$O$10,"")=C74,"OK","Sai loại PT") | L74: =IF(AND(H74="OK",I74="OK",J74="OK",K74="OK"),"OK","Bận lịch") | M74: =COUNTIF($F$65:$F$100,F74) | N74: =IF(AND(L74="OK",M74<=11),"Đủ điều kiện","Loại")
A75: =INPUT!Q15 | B75: =INPUT!R15 | C75: =INPUT!S15 | D75: =IF(C75="Ghép gan",IF(MOD(COUNTIF($C$65:C75,"Ghép gan"),2)=1,"BS04","BS02"),IF(C75="Cắt gan",IF(MOD(COUNTIF($C$65:C75,"Cắt gan"),2)=1,"BS05","BS09"),IF(C75="Tái thùy","BS08",IF(C75="Cắt gan S","BS06","")))) | E75: =XLOOKUP(D75,INPUT!$M$5:$M$10,INPUT!$N$5:$N$10,"") | F75: 46155 | G75: =TEXT(F75,"[$-vi-VN]dddd") | H75: =IF(COUNTIFS(INPUT!$A$5:$A$11,F75,INPUT!$C$5:$C$11,D75)>0,"Bận phòng khám","OK") | I75: =IF(COUNTIF(INPUT!$E$5:$E$11,F75)>0,"Bận họp","OK") | J75: =IF(COUNTIFS(INPUT!$I$5:$I$10,F75,INPUT!$K$5:$K$10,D75)>0,"Bận trực","OK") | K75: =IF(XLOOKUP(D75,INPUT!$M$5:$M$10,INPUT!$O$5:$O$10,"")=C75,"OK","Sai loại PT") | L75: =IF(AND(H75="OK",I75="OK",J75="OK",K75="OK"),"OK","Bận lịch") | M75: =COUNTIF($F$65:$F$100,F75) | N75: =IF(AND(L75="OK",M75<=11),"Đủ điều kiện","Loại")
A76: =INPUT!Q16 | B76: =INPUT!R16 | C76: =INPUT!S16 | D76: =IF(C76="Ghép gan",IF(MOD(COUNTIF($C$65:C76,"Ghép gan"),2)=1,"BS04","BS02"),IF(C76="Cắt gan",IF(MOD(COUNTIF($C$65:C76,"Cắt gan"),2)=1,"BS05","BS09"),IF(C76="Tái thùy","BS08",IF(C76="Cắt gan S","BS06","")))) | E76: =XLOOKUP(D76,INPUT!$M$5:$M$10,INPUT!$N$5:$N$10,"") | F76: 46156 | G76: =TEXT(F76,"[$-vi-VN]dddd") | H76: =IF(COUNTIFS(INPUT!$A$5:$A$11,F76,INPUT!$C$5:$C$11,D76)>0,"Bận phòng khám","OK") | I76: =IF(COUNTIF(INPUT!$E$5:$E$11,F76)>0,"Bận họp","OK") | J76: =IF(COUNTIFS(INPUT!$I$5:$I$10,F76,INPUT!$K$5:$K$10,D76)>0,"Bận trực","OK") | K76: =IF(XLOOKUP(D76,INPUT!$M$5:$M$10,INPUT!$O$5:$O$10,"")=C76,"OK","Sai loại PT") | L76: =IF(AND(H76="OK",I76="OK",J76="OK",K76="OK"),"OK","Bận lịch") | M76: =COUNTIF($F$65:$F$100,F76) | N76: =IF(AND(L76="OK",M76<=11),"Đủ điều kiện","Loại")
... A100: =INPUT!Q40 | B100: =INPUT!R40 | C100: =INPUT!S40 | D100: =IF(C100="Ghép gan",IF(MOD(COUNTIF($C$65:C100,"Ghép gan"),2)=1,"BS04","BS02"),IF(C100="Cắt gan",IF(MOD(COUNTIF($C$65:C100,"Cắt gan"),2)=1,"BS05","BS09"),IF(C100="Tái thùy","BS08",IF(C100="Cắt gan S","BS06","")))) | E100: =XLOOKUP(D100,INPUT!$M$5:$M$10,INPUT!$N$5:$N$10,"") | F100: 46156 | G100: =TEXT(F100,"[$-vi-VN]dddd") | H100: =IF(COUNTIFS(INPUT!$A$5:$A$11,F100,INPUT!$C$5:$C$11,D100)>0,"Bận phòng khám","OK") | I100: =IF(COUNTIF(INPUT!$E$5:$E$11,F100)>0,"Bận họp","OK") | J100: =IF(COUNTIFS(INPUT!$I$5:$I$10,F100,INPUT!$K$5:$K$10,D100)>0,"Bận trực","OK") | K100: =IF(XLOOKUP(D100,INPUT!$M$5:$M$10,INPUT!$O$5:$O$10,"")=C100,"OK","Sai loại PT") | L100: =IF(AND(H100="OK",I100="OK",J100="OK",K100="OK"),"OK","Bận lịch") | M100: =COUNTIF($F$65:$F$100,F100) | N100: =IF(AND(L100="OK",M100<=11),"Đủ điều kiện","Loại")

Sheet OUTPUT
A1: OUTPUT CUỐI CÙNG — DANH SÁCH NGÀY MỔ ĐÃ XẾP
A2: Ngày mổ | B2: Thứ | C2: Bác sĩ | D2: Bệnh nhân | E2: Loại PT | F2: Kết luận
A3: =IF(TÍNH TOÁN!$N65="Đủ điều kiện",TEXT(TÍNH TOÁN!$F65,"yyyy-mm-dd"),"") | B3: =IF(TÍNH TOÁN!$N65="Đủ điều kiện",TÍNH TOÁN!$G65,"") | C3: =IF(TÍNH TOÁN!$N65="Đủ điều kiện",TÍNH TOÁN!$E65,"") | D3: =IF(TÍNH TOÁN!$N65="Đủ điều kiện",TÍNH TOÁN!$B65,"") | E3: =IF(TÍNH TOÁN!$N65="Đủ điều kiện",TÍNH TOÁN!$C65,"") | F3: =TÍNH TOÁN!$N65
A4: =IF(TÍNH TOÁN!$N66="Đủ điều kiện",TEXT(TÍNH TOÁN!$F66,"yyyy-mm-dd"),"") | B4: =IF(TÍNH TOÁN!$N66="Đủ điều kiện",TÍNH TOÁN!$G66,"") | C4: =IF(TÍNH TOÁN!$N66="Đủ điều kiện",TÍNH TOÁN!$E66,"") | D4: =IF(TÍNH TOÁN!$N66="Đủ điều kiện",TÍNH TOÁN!$B66,"") | E4: =IF(TÍNH TOÁN!$N66="Đủ điều kiện",TÍNH TOÁN!$C66,"") | F4: =TÍNH TOÁN!$N66
A5: =IF(TÍNH TOÁN!$N67="Đủ điều kiện",TEXT(TÍNH TOÁN!$F67,"yyyy-mm-dd"),"") | B5: =IF(TÍNH TOÁN!$N67="Đủ điều kiện",TÍNH TOÁN!$G67,"") | C5: =IF(TÍNH TOÁN!$N67="Đủ điều kiện",TÍNH TOÁN!$E67,"") | D5: =IF(TÍNH TOÁN!$N67="Đủ điều kiện",TÍNH TOÁN!$B67,"") | E5: =IF(TÍNH TOÁN!$N67="Đủ điều kiện",TÍNH TOÁN!$C67,"") | F5: =TÍNH TOÁN!$N67
A6: =IF(TÍNH TOÁN!$N68="Đủ điều kiện",TEXT(TÍNH TOÁN!$F68,"yyyy-mm-dd"),"") | B6: =IF(TÍNH TOÁN!$N68="Đủ điều kiện",TÍNH TOÁN!$G68,"") | C6: =IF(TÍNH TOÁN!$N68="Đủ điều kiện",TÍNH TOÁN!$E68,"") | D6: =IF(TÍNH TOÁN!$N68="Đủ điều kiện",TÍNH TOÁN!$B68,"") | E6: =IF(TÍNH TOÁN!$N68="Đủ điều kiện",TÍNH TOÁN!$C68,"") | F6: =TÍNH TOÁN!$N68
A7: =IF(TÍNH TOÁN!$N69="Đủ điều kiện",TEXT(TÍNH TOÁN!$F69,"yyyy-mm-dd"),"") | B7: =IF(TÍNH TOÁN!$N69="Đủ điều kiện",TÍNH TOÁN!$G69,"") | C7: =IF(TÍNH TOÁN!$N69="Đủ điều kiện",TÍNH TOÁN!$E69,"") | D7: =IF(TÍNH TOÁN!$N69="Đủ điều kiện",TÍNH TOÁN!$B69,"") | E7: =IF(TÍNH TOÁN!$N69="Đủ điều kiện",TÍNH TOÁN!$C69,"") | F7: =TÍNH TOÁN!$N69
A8: =IF(TÍNH TOÁN!$N70="Đủ điều kiện",TEXT(TÍNH TOÁN!$F70,"yyyy-mm-dd"),"") | B8: =IF(TÍNH TOÁN!$N70="Đủ điều kiện",TÍNH TOÁN!$G70,"") | C8: =IF(TÍNH TOÁN!$N70="Đủ điều kiện",TÍNH TOÁN!$E70,"") | D8: =IF(TÍNH TOÁN!$N70="Đủ điều kiện",TÍNH TOÁN!$B70,"") | E8: =IF(TÍNH TOÁN!$N70="Đủ điều kiện",TÍNH TOÁN!$C70,"") | F8: =TÍNH TOÁN!$N70
A9: =IF(TÍNH TOÁN!$N71="Đủ điều kiện",TEXT(TÍNH TOÁN!$F71,"yyyy-mm-dd"),"") | B9: =IF(TÍNH TOÁN!$N71="Đủ điều kiện",TÍNH TOÁN!$G71,"") | C9: =IF(TÍNH TOÁN!$N71="Đủ điều kiện",TÍNH TOÁN!$E71,"") | D9: =IF(TÍNH TOÁN!$N71="Đủ điều kiện",TÍNH TOÁN!$B71,"") | E9: =IF(TÍNH TOÁN!$N71="Đủ điều kiện",TÍNH TOÁN!$C71,"") | F9: =TÍNH TOÁN!$N71
A10: =IF(TÍNH TOÁN!$N72="Đủ điều kiện",TEXT(TÍNH TOÁN!$F72,"yyyy-mm-dd"),"") | B10: =IF(TÍNH TOÁN!$N72="Đủ điều kiện",TÍNH TOÁN!$G72,"") | C10: =IF(TÍNH TOÁN!$N72="Đủ điều kiện",TÍNH TOÁN!$E72,"") | D10: =IF(TÍNH TOÁN!$N72="Đủ điều kiện",TÍNH TOÁN!$B72,"") | E10: =IF(TÍNH TOÁN!$N72="Đủ điều kiện",TÍNH TOÁN!$C72,"") | F10: =TÍNH TOÁN!$N72
A11: =IF(TÍNH TOÁN!$N73="Đủ điều kiện",TEXT(TÍNH TOÁN!$F73,"yyyy-mm-dd"),"") | B11: =IF(TÍNH TOÁN!$N73="Đủ điều kiện",TÍNH TOÁN!$G73,"") | C11: =IF(TÍNH TOÁN!$N73="Đủ điều kiện",TÍNH TOÁN!$E73,"") | D11: =IF(TÍNH TOÁN!$N73="Đủ điều kiện",TÍNH TOÁN!$B73,"") | E11: =IF(TÍNH TOÁN!$N73="Đủ điều kiện",TÍNH TOÁN!$C73,"") | F11: =TÍNH TOÁN!$N73
A12: =IF(TÍNH TOÁN!$N74="Đủ điều kiện",TEXT(TÍNH TOÁN!$F74,"yyyy-mm-dd"),"") | B12: =IF(TÍNH TOÁN!$N74="Đủ điều kiện",TÍNH TOÁN!$G74,"") | C12: =IF(TÍNH TOÁN!$N74="Đủ điều kiện",TÍNH TOÁN!$E74,"") | D12: =IF(TÍNH TOÁN!$N74="Đủ điều kiện",TÍNH TOÁN!$B74,"") | E12: =IF(TÍNH TOÁN!$N74="Đủ điều kiện",TÍNH TOÁN!$C74,"") | F12: =TÍNH TOÁN!$N74
A13: =IF(TÍNH TOÁN!$N75="Đủ điều kiện",TEXT(TÍNH TOÁN!$F75,"yyyy-mm-dd"),"") | B13: =IF(TÍNH TOÁN!$N75="Đủ điều kiện",TÍNH TOÁN!$G75,"") | C13: =IF(TÍNH TOÁN!$N75="Đủ điều kiện",TÍNH TOÁN!$E75,"") | D13: =IF(TÍNH TOÁN!$N75="Đủ điều kiện",TÍNH TOÁN!$B75,"") | E13: =IF(TÍNH TOÁN!$N75="Đủ điều kiện",TÍNH TOÁN!$C75,"") | F13: =TÍNH TOÁN!$N75
A14: =IF(TÍNH TOÁN!$N76="Đủ điều kiện",TEXT(TÍNH TOÁN!$F76,"yyyy-mm-dd"),"") | B14: =IF(TÍNH TOÁN!$N76="Đủ điều kiện",TÍNH TOÁN!$G76,"") | C14: =IF(TÍNH TOÁN!$N76="Đủ điều kiện",TÍNH TOÁN!$E76,"") | D14: =IF(TÍNH TOÁN!$N76="Đủ điều kiện",TÍNH TOÁN!$B76,"") | E14: =IF(TÍNH TOÁN!$N76="Đủ điều kiện",TÍNH TOÁN!$C76,"") | F14: =TÍNH TOÁN!$N76
... A38: =IF(TÍNH TOÁN!$N100="Đủ điều kiện",TEXT(TÍNH TOÁN!$F100,"yyyy-mm-dd"),"") | B38: =IF(TÍNH TOÁN!$N100="Đủ điều kiện",TÍNH TOÁN!$G100,"") | C38: =IF(TÍNH TOÁN!$N100="Đủ điều kiện",TÍNH TOÁN!$E100,"") | D38: =IF(TÍNH TOÁN!$N100="Đủ điều kiện",TÍNH TOÁN!$B100,"") | E38: =IF(TÍNH TOÁN!$N100="Đủ điều kiện",TÍNH TOÁN!$C100,"") | F38: =TÍNH TOÁN!$N100
A40: Tổng ca đủ điều kiện | B40: =COUNTIF(TÍNH TOÁN!$N$65:$N$100,"Đủ điều kiện") | C40: Tổng ca bị loại | D40: =COUNTIF(TÍNH TOÁN!$N$65:$N$100,"Loại") | F40: Ca/ngày tối đa | G40: 11
